<?xml version="1.0" encoding="UTF-8"?>
<!--
 This is a WordPress eXtended RSS file generated by WordPress as an export of your site.
 It contains information about your site's posts, pages, comments, categories, and other content.
 You may use this file to transfer that content from one site to another.
 This file is not intended to serve as a complete backup of your site.

 To import this information into a WordPress site follow these steps:
 1. Log in to that site as an administrator.
 2. Go to Tools: Import in the WordPress admin panel.
 3. Install the "WordPress" importer from the list.
 4. Activate & Run Importer.
 5. Upload this file using the form provided on that page.
 6. You will first be asked to map the authors in this export file to users
    on the site. For each author, you may choose to map to an
    existing user on the site or to create a new user.
 7. WordPress will then import each of the posts, pages, comments, categories, etc.
    contained in this file into your site.
-->
<!-- generator="WordPress.com" created="2025-01-24 01:04"-->
<rss version="2.0" xmlns:excerpt="http://wordpress.org/export/1.2/excerpt/" xmlns:content="http://purl.org/rss/1.0/modules/content/" xmlns:wfw="http://wellformedweb.org/CommentAPI/" xmlns:dc="http://purl.org/dc/elements/1.1/" xmlns:wp="http://wordpress.org/export/1.2/">
  <channel>
<title>Programación Web</title>
<link>https://yane48.wordpress.com</link>
<description/>
<pubDate>Fri, 24 Jan 2025 01:04:40 +0000</pubDate>
<language>es</language>
<wp:wxr_version>1.2</wp:wxr_version>
<wp:base_site_url>http://wordpress.com/</wp:base_site_url>
<wp:base_blog_url>https://yane48.wordpress.com</wp:base_blog_url>
<wp:author>
  <wp:author_id>260861697</wp:author_id>
  <wp:author_login>yanelirosales196</wp:author_login>
  <wp:author_email>yanelirosales196@gmail.com</wp:author_email>
  <wp:author_display_name><![CDATA[yaneli rosales]]></wp:author_display_name>
  <wp:author_first_name><![CDATA[yaneli]]></wp:author_first_name>
  <wp:author_last_name><![CDATA[rosales]]></wp:author_last_name>
</wp:author>
<wp:category>
  <wp:term_id>1771</wp:term_id>
  <wp:category_nicename>sin-categoria</wp:category_nicename>
  <wp:category_parent/>
  <wp:cat_name><![CDATA[Sin categoría]]></wp:cat_name>
</wp:category>
<generator>http://wordpress.com/</generator>
<image>
		<url>http://s0.wp.com/i/buttonw-com.png</url>
		<title>Programación Web</title>
		<link>https://yane48.wordpress.com</link>
	</image>
	<item>
  <title><![CDATA[Acerca de]]></title>
  <link>https://yane48.wordpress.com/acerca-de/</link>
  <pubDate>Thu, 16 Jan 2025 23:52:45 +0000</pubDate>
  <dc:creator>yanelirosales196</dc:creator>
  <guid isPermaLink="false">http://yane48.wordpress.com/?page_id=1</guid>
  <description/>
  <content:encoded><![CDATA[<!-- wp:paragraph -->
<p>Este es un ejemplo de página. A diferencia de las entradas, que se muestran en la página de inicio de tu blog en el orden en que se publicaron, las páginas se ajustan mejor a un contenido atemporal que usted quiere que sean más accesibles, como tus datos de contacto o la información acerca de ti. Haz clic en el enlace “Editar” para realizar cambios en esta página o <a title="Enlace directo para añadir una página nueva en el escritorio" href="https://wordpress.com/page/240800989/new/">añadir otra página</a>.</p>
<!-- /wp:paragraph -->]]></content:encoded>
  <excerpt:encoded><![CDATA[]]></excerpt:encoded>
  <wp:post_id>1</wp:post_id>
  <wp:post_date>2025-01-16 23:52:45</wp:post_date>
  <wp:post_date_gmt>2025-01-16 23:52:45</wp:post_date_gmt>
  <wp:post_modified>2025-01-16 23:52:45</wp:post_modified>
  <wp:post_modified_gmt>2025-01-16 23:52:45</wp:post_modified_gmt>
  <wp:comment_status>closed</wp:comment_status>
  <wp:ping_status>open</wp:ping_status>
  <wp:post_name>acerca-de</wp:post_name>
  <wp:status>publish</wp:status>
  <wp:post_parent>0</wp:post_parent>
  <wp:menu_order>0</wp:menu_order>
  <wp:post_type>page</wp:post_type>
  <wp:post_password/>
  <wp:is_sticky>0</wp:is_sticky>
  <wp:postmeta>
    <wp:meta_key>_wp_page_template</wp:meta_key>
    <wp:meta_value><![CDATA[default]]></wp:meta_value>
  </wp:postmeta>
  <wp:postmeta>
    <wp:meta_key>_elasticsearch_data_sharing_indexed_on</wp:meta_key>
    <wp:meta_value><![CDATA[2025-01-16 23:52:50]]></wp:meta_value>
  </wp:postmeta>
</item>
<item>
  <title><![CDATA[¡Hola mundo!]]></title>
  <link>https://yane48.wordpress.com/2025/01/16/hello-world/</link>
  <pubDate>Thu, 16 Jan 2025 23:47:46 +0000</pubDate>
  <dc:creator>yanelirosales196</dc:creator>
  <guid isPermaLink="false">https://yane48.wordpress.com/2025/01/16/hello-world/</guid>
  <description/>
  <content:encoded><![CDATA[<!-- wp:paragraph -->
<p>Bienvenido a WordPress Esta es tu primera entrada. Empieza tu andadura en el mundo bloguero editándola o borrándola.</p>
<!-- /wp:paragraph -->]]></content:encoded>
  <excerpt:encoded><![CDATA[]]></excerpt:encoded>
  <wp:post_id>2</wp:post_id>
  <wp:post_date>2025-01-16 23:47:46</wp:post_date>
  <wp:post_date_gmt>2025-01-16 23:47:46</wp:post_date_gmt>
  <wp:post_modified>2025-01-16 23:47:46</wp:post_modified>
  <wp:post_modified_gmt>2025-01-16 23:47:46</wp:post_modified_gmt>
  <wp:comment_status>open</wp:comment_status>
  <wp:ping_status>open</wp:ping_status>
  <wp:post_name>hello-world</wp:post_name>
  <wp:status>publish</wp:status>
  <wp:post_parent>0</wp:post_parent>
  <wp:menu_order>0</wp:menu_order>
  <wp:post_type>post</wp:post_type>
  <wp:post_password/>
  <wp:is_sticky>0</wp:is_sticky>
  <category domain="category" nicename="sin-categoria"><![CDATA[Sin categoría]]></category>
  <wp:postmeta>
    <wp:meta_key>_headstart_post</wp:meta_key>
    <wp:meta_value><![CDATA[_hs_extra]]></wp:meta_value>
  </wp:postmeta>
  <wp:postmeta>
    <wp:meta_key>sharing_disabled</wp:meta_key>
    <wp:meta_value><![CDATA[a:1:{i:0;N;}]]></wp:meta_value>
  </wp:postmeta>
  <wp:postmeta>
    <wp:meta_key>switch_like_status</wp:meta_key>
    <wp:meta_value><![CDATA[a:1:{i:0;N;}]]></wp:meta_value>
  </wp:postmeta>
  <wp:postmeta>
    <wp:meta_key>_starter_page_template</wp:meta_key>
    <wp:meta_value><![CDATA[]]></wp:meta_value>
  </wp:postmeta>
  <wp:postmeta>
    <wp:meta_key>_hs_old_id</wp:meta_key>
    <wp:meta_value><![CDATA[4]]></wp:meta_value>
  </wp:postmeta>
  <wp:postmeta>
    <wp:meta_key>_wpas_skip_all_services</wp:meta_key>
    <wp:meta_value><![CDATA[1]]></wp:meta_value>
  </wp:postmeta>
  <wp:postmeta>
    <wp:meta_key>_publicize_pending</wp:meta_key>
    <wp:meta_value><![CDATA[1]]></wp:meta_value>
  </wp:postmeta>
  <wp:postmeta>
    <wp:meta_key>_elasticsearch_data_sharing_indexed_on</wp:meta_key>
    <wp:meta_value><![CDATA[2025-01-16 23:52:47]]></wp:meta_value>
  </wp:postmeta>
</item>
<item>
  <title><![CDATA[Custom Styles]]></title>
  <link>https://yane48.wordpress.com/2025/01/16/wp-global-styles-pub%2fbatch/</link>
  <pubDate>Thu, 16 Jan 2025 23:52:49 +0000</pubDate>
  <dc:creator>yanelirosales196</dc:creator>
  <guid isPermaLink="false">https://yane48.wordpress.com/2025/01/16/wp-global-styles-pub%2fbatch/</guid>
  <description/>
  <content:encoded><![CDATA[{"settings":{"color":{"palette":{"theme":[{"color":"#F2F5FA","name":"Color 1","slug":"theme-1"},{"color":"#013CB0","name":"Color 5","slug":"theme-5"},{"color":"#CCD8EF","name":"Color 3","slug":"theme-3"},{"color":"#ffffff","name":"Color 4","slug":"theme-4"}]}}},"version":3,"isGlobalStylesUserThemeJSON":true}]]></content:encoded>
  <excerpt:encoded><![CDATA[]]></excerpt:encoded>
  <wp:post_id>3</wp:post_id>
  <wp:post_date>2025-01-16 18:52:49</wp:post_date>
  <wp:post_date_gmt>2025-01-16 23:52:49</wp:post_date_gmt>
  <wp:post_modified>2025-01-16 19:23:21</wp:post_modified>
  <wp:post_modified_gmt>2025-01-17 00:23:21</wp:post_modified_gmt>
  <wp:comment_status>closed</wp:comment_status>
  <wp:ping_status>closed</wp:ping_status>
  <wp:post_name>wp-global-styles-pub%2fbatch</wp:post_name>
  <wp:status>publish</wp:status>
  <wp:post_parent>0</wp:post_parent>
  <wp:menu_order>0</wp:menu_order>
  <wp:post_type>wp_global_styles</wp:post_type>
  <wp:post_password/>
  <wp:is_sticky>0</wp:is_sticky>
  <category domain="wp_theme" nicename="batch"><![CDATA[batch]]></category>
  <wp:postmeta>
    <wp:meta_key>_publicize_pending</wp:meta_key>
    <wp:meta_value><![CDATA[1]]></wp:meta_value>
  </wp:postmeta>
</item>
<item>
  <title><![CDATA[Navegación]]></title>
  <link>https://yane48.wordpress.com/2025/01/16/navigation/</link>
  <pubDate>Thu, 16 Jan 2025 23:53:35 +0000</pubDate>
  <dc:creator>yanelirosales196</dc:creator>
  <guid isPermaLink="false">https://yane48.wordpress.com/2025/01/16/navigation/</guid>
  <description/>
  <content:encoded><![CDATA[<!-- wp:page-list /-->]]></content:encoded>
  <excerpt:encoded><![CDATA[]]></excerpt:encoded>
  <wp:post_id>5</wp:post_id>
  <wp:post_date>2025-01-16 18:53:35</wp:post_date>
  <wp:post_date_gmt>2025-01-16 23:53:35</wp:post_date_gmt>
  <wp:post_modified>2025-01-16 18:53:35</wp:post_modified>
  <wp:post_modified_gmt>2025-01-16 23:53:35</wp:post_modified_gmt>
  <wp:comment_status>closed</wp:comment_status>
  <wp:ping_status>closed</wp:ping_status>
  <wp:post_name>navigation</wp:post_name>
  <wp:status>publish</wp:status>
  <wp:post_parent>0</wp:post_parent>
  <wp:menu_order>0</wp:menu_order>
  <wp:post_type>wp_navigation</wp:post_type>
  <wp:post_password/>
  <wp:is_sticky>0</wp:is_sticky>
</item>
<item>
  <title><![CDATA[OIP]]></title>
  <link>https://yane48.wordpress.com/oip/</link>
  <pubDate>Fri, 17 Jan 2025 00:01:17 +0000</pubDate>
  <dc:creator>yanelirosales196</dc:creator>
  <guid isPermaLink="false">http://yane48.files.wordpress.com/2025/01/oip.jpg</guid>
  <description/>
  <content:encoded><![CDATA[]]></content:encoded>
  <excerpt:encoded><![CDATA[]]></excerpt:encoded>
  <wp:post_id>6</wp:post_id>
  <wp:post_date>2025-01-16 19:01:17</wp:post_date>
  <wp:post_date_gmt>2025-01-17 00:01:17</wp:post_date_gmt>
  <wp:post_modified>2025-01-16 19:01:17</wp:post_modified>
  <wp:post_modified_gmt>2025-01-17 00:01:17</wp:post_modified_gmt>
  <wp:comment_status>open</wp:comment_status>
  <wp:ping_status>closed</wp:ping_status>
  <wp:post_name>oip</wp:post_name>
  <wp:status>inherit</wp:status>
  <wp:post_parent>0</wp:post_parent>
  <wp:menu_order>0</wp:menu_order>
  <wp:post_type>attachment</wp:post_type>
  <wp:post_password/>
  <wp:is_sticky>0</wp:is_sticky>
  <wp:attachment_url>https://yane48.wordpress.com/wp-content/uploads/2025/01/oip.jpg</wp:attachment_url>
  <wp:postmeta>
    <wp:meta_key>_wp_attached_file</wp:meta_key>
    <wp:meta_value><![CDATA[/home/wpcom/public_html/wp-content/blogs.dir/df1/240800989/files/2025/01/oip.jpg]]></wp:meta_value>
  </wp:postmeta>
  <wp:postmeta>
    <wp:meta_key>_wp_attachment_metadata</wp:meta_key>
    <wp:meta_value><![CDATA[a:6:{s:5:"width";i:288;s:6:"height";i:180;s:4:"file";s:80:"/home/wpcom/public_html/wp-content/blogs.dir/df1/240800989/files/2025/01/oip.jpg";s:8:"filesize";i:13705;s:5:"sizes";a:0:{}s:10:"image_meta";a:12:{s:8:"aperture";s:1:"0";s:6:"credit";s:0:"";s:6:"camera";s:0:"";s:7:"caption";s:0:"";s:17:"created_timestamp";s:1:"0";s:9:"copyright";s:0:"";s:12:"focal_length";s:1:"0";s:3:"iso";s:1:"0";s:13:"shutter_speed";s:1:"0";s:5:"title";s:0:"";s:11:"orientation";s:1:"0";s:8:"keywords";a:0:{}}}]]></wp:meta_value>
  </wp:postmeta>
</item>
<item>
  <title><![CDATA[java]]></title>
  <link>https://yane48.wordpress.com/java/</link>
  <pubDate>Fri, 17 Jan 2025 00:10:56 +0000</pubDate>
  <dc:creator>yanelirosales196</dc:creator>
  <guid isPermaLink="false">http://yane48.files.wordpress.com/2025/01/java.png</guid>
  <description/>
  <content:encoded><![CDATA[]]></content:encoded>
  <excerpt:encoded><![CDATA[]]></excerpt:encoded>
  <wp:post_id>7</wp:post_id>
  <wp:post_date>2025-01-16 19:10:56</wp:post_date>
  <wp:post_date_gmt>2025-01-17 00:10:56</wp:post_date_gmt>
  <wp:post_modified>2025-01-16 19:10:56</wp:post_modified>
  <wp:post_modified_gmt>2025-01-17 00:10:56</wp:post_modified_gmt>
  <wp:comment_status>open</wp:comment_status>
  <wp:ping_status>closed</wp:ping_status>
  <wp:post_name>java</wp:post_name>
  <wp:status>inherit</wp:status>
  <wp:post_parent>0</wp:post_parent>
  <wp:menu_order>0</wp:menu_order>
  <wp:post_type>attachment</wp:post_type>
  <wp:post_password/>
  <wp:is_sticky>0</wp:is_sticky>
  <wp:attachment_url>https://yane48.wordpress.com/wp-content/uploads/2025/01/java.png</wp:attachment_url>
  <wp:postmeta>
    <wp:meta_key>_wp_attached_file</wp:meta_key>
    <wp:meta_value><![CDATA[/home/wpcom/public_html/wp-content/blogs.dir/df1/240800989/files/2025/01/java.png]]></wp:meta_value>
  </wp:postmeta>
  <wp:postmeta>
    <wp:meta_key>_wp_attachment_metadata</wp:meta_key>
    <wp:meta_value><![CDATA[a:6:{s:5:"width";i:833;s:6:"height";i:833;s:4:"file";s:81:"/home/wpcom/public_html/wp-content/blogs.dir/df1/240800989/files/2025/01/java.png";s:8:"filesize";i:14262;s:5:"sizes";a:0:{}s:10:"image_meta";a:12:{s:8:"aperture";s:1:"0";s:6:"credit";s:0:"";s:6:"camera";s:0:"";s:7:"caption";s:0:"";s:17:"created_timestamp";s:1:"0";s:9:"copyright";s:0:"";s:12:"focal_length";s:1:"0";s:3:"iso";s:1:"0";s:13:"shutter_speed";s:1:"0";s:5:"title";s:0:"";s:11:"orientation";s:1:"0";s:8:"keywords";a:0:{}}}]]></wp:meta_value>
  </wp:postmeta>
</item>
<item>
  <title><![CDATA[notepad]]></title>
  <link>https://yane48.wordpress.com/notepad/</link>
  <pubDate>Fri, 17 Jan 2025 00:12:37 +0000</pubDate>
  <dc:creator>yanelirosales196</dc:creator>
  <guid isPermaLink="false">http://yane48.files.wordpress.com/2025/01/notepad.png</guid>
  <description/>
  <content:encoded><![CDATA[]]></content:encoded>
  <excerpt:encoded><![CDATA[]]></excerpt:encoded>
  <wp:post_id>8</wp:post_id>
  <wp:post_date>2025-01-16 19:12:37</wp:post_date>
  <wp:post_date_gmt>2025-01-17 00:12:37</wp:post_date_gmt>
  <wp:post_modified>2025-01-16 19:12:37</wp:post_modified>
  <wp:post_modified_gmt>2025-01-17 00:12:37</wp:post_modified_gmt>
  <wp:comment_status>open</wp:comment_status>
  <wp:ping_status>closed</wp:ping_status>
  <wp:post_name>notepad</wp:post_name>
  <wp:status>inherit</wp:status>
  <wp:post_parent>0</wp:post_parent>
  <wp:menu_order>0</wp:menu_order>
  <wp:post_type>attachment</wp:post_type>
  <wp:post_password/>
  <wp:is_sticky>0</wp:is_sticky>
  <wp:attachment_url>https://yane48.wordpress.com/wp-content/uploads/2025/01/notepad.png</wp:attachment_url>
  <wp:postmeta>
    <wp:meta_key>_wp_attached_file</wp:meta_key>
    <wp:meta_value><![CDATA[/home/wpcom/public_html/wp-content/blogs.dir/df1/240800989/files/2025/01/notepad.png]]></wp:meta_value>
  </wp:postmeta>
  <wp:postmeta>
    <wp:meta_key>_wp_attachment_metadata</wp:meta_key>
    <wp:meta_value><![CDATA[a:6:{s:5:"width";i:256;s:6:"height";i:256;s:4:"file";s:84:"/home/wpcom/public_html/wp-content/blogs.dir/df1/240800989/files/2025/01/notepad.png";s:8:"filesize";i:99807;s:5:"sizes";a:0:{}s:10:"image_meta";a:12:{s:8:"aperture";s:1:"0";s:6:"credit";s:0:"";s:6:"camera";s:0:"";s:7:"caption";s:0:"";s:17:"created_timestamp";s:1:"0";s:9:"copyright";s:0:"";s:12:"focal_length";s:1:"0";s:3:"iso";s:1:"0";s:13:"shutter_speed";s:1:"0";s:5:"title";s:0:"";s:11:"orientation";s:1:"0";s:8:"keywords";a:0:{}}}]]></wp:meta_value>
  </wp:postmeta>
</item>
<item>
  <title><![CDATA[R]]></title>
  <link>https://yane48.wordpress.com/r/</link>
  <pubDate>Fri, 17 Jan 2025 00:14:37 +0000</pubDate>
  <dc:creator>yanelirosales196</dc:creator>
  <guid isPermaLink="false">http://yane48.files.wordpress.com/2025/01/r.png</guid>
  <description/>
  <content:encoded><![CDATA[]]></content:encoded>
  <excerpt:encoded><![CDATA[]]></excerpt:encoded>
  <wp:post_id>9</wp:post_id>
  <wp:post_date>2025-01-16 19:14:37</wp:post_date>
  <wp:post_date_gmt>2025-01-17 00:14:37</wp:post_date_gmt>
  <wp:post_modified>2025-01-16 19:14:37</wp:post_modified>
  <wp:post_modified_gmt>2025-01-17 00:14:37</wp:post_modified_gmt>
  <wp:comment_status>open</wp:comment_status>
  <wp:ping_status>closed</wp:ping_status>
  <wp:post_name>r</wp:post_name>
  <wp:status>inherit</wp:status>
  <wp:post_parent>0</wp:post_parent>
  <wp:menu_order>0</wp:menu_order>
  <wp:post_type>attachment</wp:post_type>
  <wp:post_password/>
  <wp:is_sticky>0</wp:is_sticky>
  <wp:attachment_url>https://yane48.wordpress.com/wp-content/uploads/2025/01/r.png</wp:attachment_url>
  <wp:postmeta>
    <wp:meta_key>_wp_attached_file</wp:meta_key>
    <wp:meta_value><![CDATA[/home/wpcom/public_html/wp-content/blogs.dir/df1/240800989/files/2025/01/r.png]]></wp:meta_value>
  </wp:postmeta>
  <wp:postmeta>
    <wp:meta_key>_wp_attachment_metadata</wp:meta_key>
    <wp:meta_value><![CDATA[a:6:{s:5:"width";i:5000;s:6:"height";i:5000;s:4:"file";s:78:"/home/wpcom/public_html/wp-content/blogs.dir/df1/240800989/files/2025/01/r.png";s:8:"filesize";i:234020;s:5:"sizes";a:0:{}s:10:"image_meta";a:12:{s:8:"aperture";s:1:"0";s:6:"credit";s:0:"";s:6:"camera";s:0:"";s:7:"caption";s:0:"";s:17:"created_timestamp";s:1:"0";s:9:"copyright";s:0:"";s:12:"focal_length";s:1:"0";s:3:"iso";s:1:"0";s:13:"shutter_speed";s:1:"0";s:5:"title";s:0:"";s:11:"orientation";s:1:"0";s:8:"keywords";a:0:{}}}]]></wp:meta_value>
  </wp:postmeta>
</item>
<item>
  <title><![CDATA[Inicio del blog]]></title>
  <link>https://yane48.wordpress.com/2025/01/16/home/</link>
  <pubDate>Fri, 17 Jan 2025 00:19:38 +0000</pubDate>
  <dc:creator>yanelirosales196</dc:creator>
  <guid isPermaLink="false">https://yane48.wordpress.com/2025/01/16/home/</guid>
  <description/>
  <content:encoded><![CDATA[<!-- wp:template-part {"slug":"header-homepage","theme":"batch"} /-->

<!-- wp:group {"tagName":"main","metadata":{"name":"Main"},"style":{"spacing":{"blockGap":"0","margin":{"top":"0"}}},"layout":{"type":"default"}} -->
<main class="wp-block-group" style="margin-top:0"><!-- wp:group {"metadata":{"name":"Call to Action"},"className":"is-style-section-1","layout":{"type":"constrained"}} -->
<div class="wp-block-group is-style-section-1"><!-- wp:cover {"url":"https://yane48.wordpress.com/wp-content/uploads/2025/01/oip.jpg?w=288","id":6,"dimRatio":10,"overlayColor":"theme-5","isUserOverlayColor":true,"minHeight":50,"minHeightUnit":"vh","sizeSlug":"large","align":"wide","style":{"border":{"radius":"20px"}},"layout":{"type":"constrained"}} -->
<div class="wp-block-cover alignwide" style="border-radius:20px;min-height:50vh"><img class="wp-block-cover__image-background wp-image-6 size-large" alt="" src="https://yane48.wordpress.com/wp-content/uploads/2025/01/oip.jpg?w=288" data-object-fit="cover" /><span aria-hidden="true" class="wp-block-cover__background has-theme-5-background-color has-background-dim-10 has-background-dim"></span><div class="wp-block-cover__inner-container"><!-- wp:heading {"textAlign":"center","level":1,"className":"text-with-shadow","style":{"elements":{"link":{"color":{"text":"var:preset|color|theme-4"}}}},"textColor":"theme-4"} -->
<h1 class="wp-block-heading has-text-align-center text-with-shadow has-theme-4-color has-text-color has-link-color">PROGRAMACIÓN EN HTML</h1>
<!-- /wp:heading --></div></div>
<!-- /wp:cover -->

<!-- wp:group {"align":"wide","className":"ticker-tape","layout":{"type":"flex","flexWrap":"nowrap","justifyContent":"space-between"}} -->
<div class="wp-block-group alignwide ticker-tape"><!-- wp:paragraph -->
<p>Golden</p>
<!-- /wp:paragraph -->

<!-- wp:paragraph -->
<p>🍪</p>
<!-- /wp:paragraph -->

<!-- wp:paragraph -->
<p>Gooey </p>
<!-- /wp:paragraph -->

<!-- wp:paragraph -->
<p>🍪</p>
<!-- /wp:paragraph -->

<!-- wp:paragraph -->
<p>Moreish</p>
<!-- /wp:paragraph -->

<!-- wp:paragraph -->
<p>🍪 </p>
<!-- /wp:paragraph -->

<!-- wp:paragraph -->
<p>Munchable</p>
<!-- /wp:paragraph -->

<!-- wp:paragraph -->
<p>🍪</p>
<!-- /wp:paragraph -->

<!-- wp:paragraph -->
<p>Indulgent</p>
<!-- /wp:paragraph -->

<!-- wp:paragraph -->
<p>🍪</p>
<!-- /wp:paragraph -->

<!-- wp:paragraph -->
<p>Dunkable</p>
<!-- /wp:paragraph -->

<!-- wp:paragraph -->
<p>🍪</p>
<!-- /wp:paragraph -->

<!-- wp:paragraph -->
<p>Scrumptious</p>
<!-- /wp:paragraph -->

<!-- wp:paragraph -->
<p>🍪</p>
<!-- /wp:paragraph -->

<!-- wp:paragraph -->
<p>Delish</p>
<!-- /wp:paragraph --></div>
<!-- /wp:group -->

<!-- wp:spacer {"height":"calc( 0.25 * var(\u002d\u002dwp\u002d\u002dstyle\u002d\u002droot\u002d\u002dpadding-right, var(\u002d\u002dwp\u002d\u002dcustom\u002d\u002dgap\u002d\u002dhorizontal)))"} -->
<div style="height:calc( 0.25 * var(--wp--style--root--padding-right, var(--wp--custom--gap--horizontal)))" aria-hidden="true" class="wp-block-spacer"></div>
<!-- /wp:spacer --></div>
<!-- /wp:group -->

<!-- wp:group {"metadata":{"name":"Services"},"align":"full","className":"alignfull","style":{"spacing":{"padding":{"top":"calc( 0.5 * var(\u002d\u002dwp\u002d\u002dstyle\u002d\u002droot\u002d\u002dpadding-right, var(\u002d\u002dwp\u002d\u002dcustom\u002d\u002dgap\u002d\u002dhorizontal)))","bottom":"calc( 0.5 * var(\u002d\u002dwp\u002d\u002dstyle\u002d\u002droot\u002d\u002dpadding-right, var(\u002d\u002dwp\u002d\u002dcustom\u002d\u002dgap\u002d\u002dhorizontal)))","left":"var(\u002d\u002dwp\u002d\u002dstyle\u002d\u002droot\u002d\u002dpadding-left, var(\u002d\u002dwp\u002d\u002dcustom\u002d\u002dgap\u002d\u002dhorizontal))","right":"var(\u002d\u002dwp\u002d\u002dstyle\u002d\u002droot\u002d\u002dpadding-right, var(\u002d\u002dwp\u002d\u002dcustom\u002d\u002dgap\u002d\u002dhorizontal))"},"margin":{"top":"0","bottom":"0"}}},"layout":{"type":"constrained","justifyContent":"center"}} -->
<div class="wp-block-group alignfull" style="margin-top:0;margin-bottom:0;padding-top:calc( 0.5 * var(--wp--style--root--padding-right, var(--wp--custom--gap--horizontal)));padding-right:var(--wp--style--root--padding-right, var(--wp--custom--gap--horizontal));padding-bottom:calc( 0.5 * var(--wp--style--root--padding-right, var(--wp--custom--gap--horizontal)));padding-left:var(--wp--style--root--padding-left, var(--wp--custom--gap--horizontal))"><!-- wp:spacer {"height":"calc( 0.25 * var(\u002d\u002dwp\u002d\u002dstyle\u002d\u002droot\u002d\u002dpadding-right, var(\u002d\u002dwp\u002d\u002dcustom\u002d\u002dgap\u002d\u002dhorizontal)))"} -->
<div style="height:calc( 0.25 * var(--wp--style--root--padding-right, var(--wp--custom--gap--horizontal)))" aria-hidden="true" class="wp-block-spacer"></div>
<!-- /wp:spacer -->

<!-- wp:group {"align":"wide","layout":{"type":"constrained"}} -->
<div class="wp-block-group alignwide"><!-- wp:heading {"textAlign":"center","align":"full"} -->
<h2 class="wp-block-heading alignfull has-text-align-center">Tipos de Software de programación</h2>
<!-- /wp:heading --></div>
<!-- /wp:group -->

<!-- wp:group {"metadata":{"name":"Sections"},"align":"wide"} -->
<div class="wp-block-group alignwide"><!-- wp:group {"metadata":{"name":"Section"}} -->
<div class="wp-block-group"><!-- wp:spacer {"height":"var:preset|spacing|20"} -->
<div style="height:var(--wp--preset--spacing--20)" aria-hidden="true" class="wp-block-spacer"></div>
<!-- /wp:spacer -->

<!-- wp:columns {"metadata":{"name":"Items"},"align":"wide","style":{"spacing":{"blockGap":{"top":"var:preset|spacing|50","left":"var:preset|spacing|30"}}}} -->
<div class="wp-block-columns alignwide"><!-- wp:column {"metadata":{"name":"Item"}} -->
<div class="wp-block-column"><!-- wp:image {"id":7,"aspectRatio":"1","scale":"cover","sizeSlug":"full","linkDestination":"none","style":{"color":[],"border":{"radius":"20px"}}} -->
<figure class="wp-block-image size-full has-custom-border"><img src="https://yane48.wordpress.com/wp-content/uploads/2025/01/java.png" alt="" class="wp-image-7" style="border-radius:20px;aspect-ratio:1;object-fit:cover" /></figure>
<!-- /wp:image -->

<!-- wp:group {"layout":{"type":"default"}} -->
<div class="wp-block-group"><!-- wp:heading {"textAlign":"center","level":3,"className":"is-service-name"} -->
<h3 class="wp-block-heading has-text-align-center is-service-name">Holiday Edit</h3>
<!-- /wp:heading -->

<!-- wp:buttons {"layout":{"type":"flex","justifyContent":"center"}} -->
<div class="wp-block-buttons"><!-- wp:button {"className":"is-style-outline"} -->
<div class="wp-block-button is-style-outline"><a class="wp-block-button__link wp-element-button">Order now</a></div>
<!-- /wp:button --></div>
<!-- /wp:buttons --></div>
<!-- /wp:group --></div>
<!-- /wp:column -->

<!-- wp:column {"metadata":{"name":"Item"}} -->
<div class="wp-block-column"><!-- wp:image {"id":8,"aspectRatio":"1","scale":"cover","sizeSlug":"full","linkDestination":"none","style":{"color":[],"border":{"radius":"20px"}}} -->
<figure class="wp-block-image size-full has-custom-border"><img src="https://yane48.wordpress.com/wp-content/uploads/2025/01/notepad.png" alt="" class="wp-image-8" style="border-radius:20px;aspect-ratio:1;object-fit:cover" /></figure>
<!-- /wp:image -->

<!-- wp:group {"layout":{"type":"default"}} -->
<div class="wp-block-group"><!-- wp:heading {"textAlign":"center","level":3,"className":"is-service-name"} -->
<h3 class="wp-block-heading has-text-align-center is-service-name">Signature Box</h3>
<!-- /wp:heading --></div>
<!-- /wp:group -->

<!-- wp:buttons {"layout":{"type":"flex","justifyContent":"center"}} -->
<div class="wp-block-buttons"><!-- wp:button {"className":"is-style-outline","style":{"shadow":"var:preset|shadow|sharp-2"}} -->
<div class="wp-block-button is-style-outline"><a class="wp-block-button__link wp-element-button" style="box-shadow:var(--wp--preset--shadow--sharp-2)">Order now</a></div>
<!-- /wp:button --></div>
<!-- /wp:buttons --></div>
<!-- /wp:column -->

<!-- wp:column {"metadata":{"name":"Item"}} -->
<div class="wp-block-column"><!-- wp:image {"id":9,"sizeSlug":"full","linkDestination":"none","style":{"border":{"radius":"20px"}}} -->
<figure class="wp-block-image size-full has-custom-border"><img src="https://yane48.wordpress.com/wp-content/uploads/2025/01/r.png" alt="" class="wp-image-9" style="border-radius:20px" /></figure>
<!-- /wp:image -->

<!-- wp:heading {"textAlign":"center","level":3,"className":"is-service-name"} -->
<h3 class="wp-block-heading has-text-align-center is-service-name">Gift Box</h3>
<!-- /wp:heading -->

<!-- wp:buttons {"layout":{"type":"flex","justifyContent":"center"}} -->
<div class="wp-block-buttons"><!-- wp:button {"className":"is-style-outline"} -->
<div class="wp-block-button is-style-outline"><a class="wp-block-button__link wp-element-button">Order now</a></div>
<!-- /wp:button --></div>
<!-- /wp:buttons --></div>
<!-- /wp:column --></div>
<!-- /wp:columns --></div>
<!-- /wp:group --></div>
<!-- /wp:group -->

<!-- wp:spacer {"height":"17px"} -->
<div style="height:17px" aria-hidden="true" class="wp-block-spacer"></div>
<!-- /wp:spacer --></div>
<!-- /wp:group -->

<!-- wp:group {"metadata":{"name":"Testimonial"},"align":"full","className":"alignfull","style":{"spacing":{"padding":{"top":"calc( 0.5 * var(\u002d\u002dwp\u002d\u002dstyle\u002d\u002droot\u002d\u002dpadding-right, var(\u002d\u002dwp\u002d\u002dcustom\u002d\u002dgap\u002d\u002dhorizontal)))","bottom":"calc( 0.5 * var(\u002d\u002dwp\u002d\u002dstyle\u002d\u002droot\u002d\u002dpadding-right, var(\u002d\u002dwp\u002d\u002dcustom\u002d\u002dgap\u002d\u002dhorizontal)))","left":"var(\u002d\u002dwp\u002d\u002dstyle\u002d\u002droot\u002d\u002dpadding-left, var(\u002d\u002dwp\u002d\u002dcustom\u002d\u002dgap\u002d\u002dhorizontal))","right":"var(\u002d\u002dwp\u002d\u002dstyle\u002d\u002droot\u002d\u002dpadding-right, var(\u002d\u002dwp\u002d\u002dcustom\u002d\u002dgap\u002d\u002dhorizontal))"},"margin":{"top":"0","bottom":"0"}}},"layout":{"type":"constrained","justifyContent":"center"}} -->
<div class="wp-block-group alignfull" style="margin-top:0;margin-bottom:0;padding-top:calc( 0.5 * var(--wp--style--root--padding-right, var(--wp--custom--gap--horizontal)));padding-right:var(--wp--style--root--padding-right, var(--wp--custom--gap--horizontal));padding-bottom:calc( 0.5 * var(--wp--style--root--padding-right, var(--wp--custom--gap--horizontal)));padding-left:var(--wp--style--root--padding-left, var(--wp--custom--gap--horizontal))"><!-- wp:group {"align":"wide","className":"is-style-section-3","style":{"border":{"radius":"20px"},"spacing":{"padding":{"right":"var:preset|spacing|40","left":"var:preset|spacing|40","top":"var:preset|spacing|40","bottom":"var:preset|spacing|40"}}},"backgroundColor":"base-2","layout":{"type":"constrained"}} -->
<div class="wp-block-group alignwide is-style-section-3 has-base-2-background-color has-background" style="border-radius:20px;padding-top:var(--wp--preset--spacing--40);padding-right:var(--wp--preset--spacing--40);padding-bottom:var(--wp--preset--spacing--40);padding-left:var(--wp--preset--spacing--40)"><!-- wp:spacer {"height":"var:preset|spacing|10"} -->
<div style="height:var(--wp--preset--spacing--10)" aria-hidden="true" class="wp-block-spacer"></div>
<!-- /wp:spacer -->

<!-- wp:heading {"textAlign":"center","level":3} -->
<h3 class="wp-block-heading has-text-align-center">“Crispy on the outside, gooey on the inside, and packed with chocolatey goodness in every bite. One taste, and you'll be hooked—it's like a warm hug in cookie form!”</h3>
<!-- /wp:heading -->

<!-- wp:paragraph {"align":"center"} -->
<p class="has-text-align-center">- Valerie, NY</p>
<!-- /wp:paragraph -->

<!-- wp:spacer {"height":"var:preset|spacing|10"} -->
<div style="height:var(--wp--preset--spacing--10)" aria-hidden="true" class="wp-block-spacer"></div>
<!-- /wp:spacer --></div>
<!-- /wp:group --></div>
<!-- /wp:group -->

<!-- wp:group {"metadata":{"name":"Featured product"},"align":"full","style":{"spacing":{"padding":{"top":"calc( 0.5 * var(\u002d\u002dwp\u002d\u002dstyle\u002d\u002droot\u002d\u002dpadding-right, var(\u002d\u002dwp\u002d\u002dcustom\u002d\u002dgap\u002d\u002dhorizontal)))","bottom":"calc( 0.5 * var(\u002d\u002dwp\u002d\u002dstyle\u002d\u002droot\u002d\u002dpadding-right, var(\u002d\u002dwp\u002d\u002dcustom\u002d\u002dgap\u002d\u002dhorizontal)))","left":"var(\u002d\u002dwp\u002d\u002dstyle\u002d\u002droot\u002d\u002dpadding-left, var(\u002d\u002dwp\u002d\u002dcustom\u002d\u002dgap\u002d\u002dhorizontal))","right":"var(\u002d\u002dwp\u002d\u002dstyle\u002d\u002droot\u002d\u002dpadding-right, var(\u002d\u002dwp\u002d\u002dcustom\u002d\u002dgap\u002d\u002dhorizontal))"},"margin":{"top":"0","bottom":"0"}}},"layout":{"type":"constrained","justifyContent":"center"}} -->
<div class="wp-block-group alignfull" style="margin-top:0;margin-bottom:0;padding-top:calc( 0.5 * var(--wp--style--root--padding-right, var(--wp--custom--gap--horizontal)));padding-right:var(--wp--style--root--padding-right, var(--wp--custom--gap--horizontal));padding-bottom:calc( 0.5 * var(--wp--style--root--padding-right, var(--wp--custom--gap--horizontal)));padding-left:var(--wp--style--root--padding-left, var(--wp--custom--gap--horizontal))"><!-- wp:spacer {"height":"calc( 0.25 * var(\u002d\u002dwp\u002d\u002dstyle\u002d\u002droot\u002d\u002dpadding-right, var(\u002d\u002dwp\u002d\u002dcustom\u002d\u002dgap\u002d\u002dhorizontal)))"} -->
<div style="height:calc( 0.25 * var(--wp--style--root--padding-right, var(--wp--custom--gap--horizontal)))" aria-hidden="true" class="wp-block-spacer"></div>
<!-- /wp:spacer -->

<!-- wp:group {"align":"wide","className":"ticker-tape","layout":{"type":"flex","flexWrap":"nowrap","justifyContent":"space-between"}} -->
<div class="wp-block-group alignwide ticker-tape"><!-- wp:paragraph -->
<p>Bestseller</p>
<!-- /wp:paragraph -->

<!-- wp:paragraph -->
<p>❤️</p>
<!-- /wp:paragraph -->

<!-- wp:paragraph -->
<p>Bestseller</p>
<!-- /wp:paragraph -->

<!-- wp:paragraph -->
<p>❤️</p>
<!-- /wp:paragraph -->

<!-- wp:paragraph -->
<p>Bestseller</p>
<!-- /wp:paragraph -->

<!-- wp:paragraph -->
<p>❤️</p>
<!-- /wp:paragraph -->

<!-- wp:paragraph -->
<p>Bestseller</p>
<!-- /wp:paragraph -->

<!-- wp:paragraph -->
<p>❤️</p>
<!-- /wp:paragraph -->

<!-- wp:paragraph -->
<p>Bestseller</p>
<!-- /wp:paragraph -->

<!-- wp:paragraph -->
<p>❤️</p>
<!-- /wp:paragraph -->

<!-- wp:paragraph -->
<p>Bestseller</p>
<!-- /wp:paragraph -->

<!-- wp:paragraph -->
<p>❤️</p>
<!-- /wp:paragraph -->

<!-- wp:paragraph -->
<p>Bestseller</p>
<!-- /wp:paragraph -->

<!-- wp:paragraph -->
<p>❤️</p>
<!-- /wp:paragraph -->

<!-- wp:paragraph -->
<p>Bestseller</p>
<!-- /wp:paragraph --></div>
<!-- /wp:group -->

<!-- wp:group {"align":"wide","layout":{"type":"grid","columnCount":null,"minimumColumnWidth":"30rem"}} -->
<div class="wp-block-group alignwide"><!-- wp:image {"aspectRatio":"1","scale":"cover","sizeSlug":"full","linkDestination":"none","style":{"border":{"radius":"20px"}}} -->
<figure class="wp-block-image size-full has-custom-border"><img src="https://s0.wp.com/wp-content/themes/pub/batch/assets/images/bestseller_product_img.jpeg" alt="" style="border-radius:20px;aspect-ratio:1;object-fit:cover" /></figure>
<!-- /wp:image -->

<!-- wp:group {"align":"wide","className":"is-style-section-2","style":{"dimensions":{"minHeight":""},"spacing":{"padding":{"right":"var:preset|spacing|40","left":"var:preset|spacing|40","top":"var:preset|spacing|50","bottom":"var:preset|spacing|50"}},"border":{"radius":"20px"}},"layout":{"type":"constrained"}} -->
<div class="wp-block-group alignwide is-style-section-2" style="border-radius:20px;padding-top:var(--wp--preset--spacing--50);padding-right:var(--wp--preset--spacing--40);padding-bottom:var(--wp--preset--spacing--50);padding-left:var(--wp--preset--spacing--40)"><!-- wp:heading {"fontSize":"large"} -->
<h2 class="wp-block-heading has-large-font-size">Classic chocolate chip cookies - box of six</h2>
<!-- /wp:heading -->

<!-- wp:paragraph {"fontSize":"medium"} -->
<p class="has-medium-font-size">$40.00</p>
<!-- /wp:paragraph -->

<!-- wp:paragraph -->
<p>Navigating life's intricate fabric, choices unfold paths to the extraordinary, demanding creativity, curiosity, and courage for a truly fulfilling journey.</p>
<!-- /wp:paragraph -->

<!-- wp:buttons -->
<div class="wp-block-buttons"><!-- wp:button {"className":"is-style-outline"} -->
<div class="wp-block-button is-style-outline"><a class="wp-block-button__link wp-element-button">Order now</a></div>
<!-- /wp:button --></div>
<!-- /wp:buttons --></div>
<!-- /wp:group --></div>
<!-- /wp:group -->

<!-- wp:group {"align":"wide","className":"ticker-tape","layout":{"type":"flex","flexWrap":"nowrap","justifyContent":"space-between"}} -->
<div class="wp-block-group alignwide ticker-tape"><!-- wp:paragraph -->
<p>Bestseller</p>
<!-- /wp:paragraph -->

<!-- wp:paragraph -->
<p>❤️</p>
<!-- /wp:paragraph -->

<!-- wp:paragraph -->
<p>Bestseller</p>
<!-- /wp:paragraph -->

<!-- wp:paragraph -->
<p>❤️</p>
<!-- /wp:paragraph -->

<!-- wp:paragraph -->
<p>Bestseller</p>
<!-- /wp:paragraph -->

<!-- wp:paragraph -->
<p>❤️</p>
<!-- /wp:paragraph -->

<!-- wp:paragraph -->
<p>Bestseller</p>
<!-- /wp:paragraph -->

<!-- wp:paragraph -->
<p>❤️</p>
<!-- /wp:paragraph -->

<!-- wp:paragraph -->
<p>Bestseller</p>
<!-- /wp:paragraph -->

<!-- wp:paragraph -->
<p>❤️</p>
<!-- /wp:paragraph -->

<!-- wp:paragraph -->
<p>Bestseller</p>
<!-- /wp:paragraph -->

<!-- wp:paragraph -->
<p>❤️</p>
<!-- /wp:paragraph -->

<!-- wp:paragraph -->
<p>Bestseller</p>
<!-- /wp:paragraph -->

<!-- wp:paragraph -->
<p>❤️</p>
<!-- /wp:paragraph -->

<!-- wp:paragraph -->
<p>Bestseller</p>
<!-- /wp:paragraph --></div>
<!-- /wp:group -->

<!-- wp:spacer {"height":"calc( 0.25 * var(\u002d\u002dwp\u002d\u002dstyle\u002d\u002droot\u002d\u002dpadding-right, var(\u002d\u002dwp\u002d\u002dcustom\u002d\u002dgap\u002d\u002dhorizontal)))"} -->
<div style="height:calc( 0.25 * var(--wp--style--root--padding-right, var(--wp--custom--gap--horizontal)))" aria-hidden="true" class="wp-block-spacer"></div>
<!-- /wp:spacer --></div>
<!-- /wp:group -->

<!-- wp:group {"metadata":{"name":"Gallery"},"align":"full","style":{"spacing":{"padding":{"top":"calc( 0.5 * var(\u002d\u002dwp\u002d\u002dstyle\u002d\u002droot\u002d\u002dpadding-right, var(\u002d\u002dwp\u002d\u002dcustom\u002d\u002dgap\u002d\u002dhorizontal)))","bottom":"calc( 0.5 * var(\u002d\u002dwp\u002d\u002dstyle\u002d\u002droot\u002d\u002dpadding-right, var(\u002d\u002dwp\u002d\u002dcustom\u002d\u002dgap\u002d\u002dhorizontal)))","left":"var(\u002d\u002dwp\u002d\u002dstyle\u002d\u002droot\u002d\u002dpadding-left, var(\u002d\u002dwp\u002d\u002dcustom\u002d\u002dgap\u002d\u002dhorizontal))","right":"var(\u002d\u002dwp\u002d\u002dstyle\u002d\u002droot\u002d\u002dpadding-right, var(\u002d\u002dwp\u002d\u002dcustom\u002d\u002dgap\u002d\u002dhorizontal))"},"margin":{"top":"0","bottom":"0"}}},"layout":{"type":"constrained","justifyContent":"center"}} -->
<div class="wp-block-group alignfull" style="margin-top:0;margin-bottom:0;padding-top:calc( 0.5 * var(--wp--style--root--padding-right, var(--wp--custom--gap--horizontal)));padding-right:var(--wp--style--root--padding-right, var(--wp--custom--gap--horizontal));padding-bottom:calc( 0.5 * var(--wp--style--root--padding-right, var(--wp--custom--gap--horizontal)));padding-left:var(--wp--style--root--padding-left, var(--wp--custom--gap--horizontal))"><!-- wp:group {"align":"wide","layout":{"type":"grid","columnCount":null,"minimumColumnWidth":"12rem"}} -->
<div class="wp-block-group alignwide"><!-- wp:group {"className":"is-style-section-1","style":{"spacing":{"blockGap":"0","padding":{"top":"var:preset|spacing|30","bottom":"var:preset|spacing|30"}},"border":{"radius":"20px"}},"layout":{"type":"flex","orientation":"vertical","verticalAlignment":"center","justifyContent":"center"}} -->
<div class="wp-block-group is-style-section-1" style="border-radius:20px;padding-top:var(--wp--preset--spacing--30);padding-bottom:var(--wp--preset--spacing--30)"><!-- wp:paragraph -->
<p>follow us</p>
<!-- /wp:paragraph -->

<!-- wp:paragraph {"style":{"typography":{"fontStyle":"normal","fontWeight":"600","fontSize":"20px"}}} -->
<p style="font-size:20px;font-style:normal;font-weight:600">@batchcookies</p>
<!-- /wp:paragraph --></div>
<!-- /wp:group -->

<!-- wp:image {"aspectRatio":"1","scale":"cover","sizeSlug":"full","linkDestination":"none","style":{"border":{"radius":"20px"}}} -->
<figure class="wp-block-image size-full has-custom-border"><img src="https://s0.wp.com/wp-content/themes/pub/batch/assets/images/gallery_1.jpg" alt="" style="border-radius:20px;aspect-ratio:1;object-fit:cover" /></figure>
<!-- /wp:image -->

<!-- wp:image {"aspectRatio":"1","scale":"cover","sizeSlug":"full","linkDestination":"none","style":{"border":{"radius":"20px"}}} -->
<figure class="wp-block-image size-full has-custom-border"><img src="https://s0.wp.com/wp-content/themes/pub/batch/assets/images/gallery_2.jpeg" alt="" style="border-radius:20px;aspect-ratio:1;object-fit:cover" /></figure>
<!-- /wp:image -->

<!-- wp:image {"aspectRatio":"1","scale":"cover","sizeSlug":"full","linkDestination":"none","style":{"border":{"radius":"20px"}}} -->
<figure class="wp-block-image size-full has-custom-border"><img src="https://s0.wp.com/wp-content/themes/pub/batch/assets/images/gallery_3.jpg" alt="" style="border-radius:20px;aspect-ratio:1;object-fit:cover" /></figure>
<!-- /wp:image -->

<!-- wp:image {"aspectRatio":"1","scale":"cover","sizeSlug":"full","linkDestination":"none","style":{"border":{"radius":"20px"}}} -->
<figure class="wp-block-image size-full has-custom-border"><img src="https://s0.wp.com/wp-content/themes/pub/batch/assets/images/gallery_4.jpeg" alt="" style="border-radius:20px;aspect-ratio:1;object-fit:cover" /></figure>
<!-- /wp:image -->

<!-- wp:image {"aspectRatio":"1","scale":"cover","sizeSlug":"full","linkDestination":"none","style":{"border":{"radius":"20px"}}} -->
<figure class="wp-block-image size-full has-custom-border"><img src="https://s0.wp.com/wp-content/themes/pub/batch/assets/images/gallery_5.jpg" alt="" style="border-radius:20px;aspect-ratio:1;object-fit:cover" /></figure>
<!-- /wp:image --></div>
<!-- /wp:group -->

<!-- wp:spacer {"height":"calc( 0.25 * var(\u002d\u002dwp\u002d\u002dstyle\u002d\u002droot\u002d\u002dpadding-right, var(\u002d\u002dwp\u002d\u002dcustom\u002d\u002dgap\u002d\u002dhorizontal)))"} -->
<div style="height:calc( 0.25 * var(--wp--style--root--padding-right, var(--wp--custom--gap--horizontal)))" aria-hidden="true" class="wp-block-spacer"></div>
<!-- /wp:spacer --></div>
<!-- /wp:group --></main>
<!-- /wp:group -->

<!-- wp:template-part {"slug":"footer-homepage","theme":"batch"} /-->]]></content:encoded>
  <excerpt:encoded><![CDATA[Muestra las últimas entradas, así como la página de inicio del sitio o la «página de entradas» definida en los ajustes de lectura. Si existe, la plantilla de página de inicio sobrescribirá a esta plantilla cuando se muestren las entradas en dicha página de inicio.]]></excerpt:encoded>
  <wp:post_id>10</wp:post_id>
  <wp:post_date>2025-01-16 19:19:38</wp:post_date>
  <wp:post_date_gmt>2025-01-17 00:19:38</wp:post_date_gmt>
  <wp:post_modified>2025-01-20 21:26:44</wp:post_modified>
  <wp:post_modified_gmt>2025-01-21 02:26:44</wp:post_modified_gmt>
  <wp:comment_status>closed</wp:comment_status>
  <wp:ping_status>closed</wp:ping_status>
  <wp:post_name>home</wp:post_name>
  <wp:status>publish</wp:status>
  <wp:post_parent>0</wp:post_parent>
  <wp:menu_order>0</wp:menu_order>
  <wp:post_type>wp_template</wp:post_type>
  <wp:post_password/>
  <wp:is_sticky>0</wp:is_sticky>
  <category domain="wp_theme" nicename="batch"><![CDATA[batch]]></category>
  <wp:postmeta>
    <wp:meta_key>origin</wp:meta_key>
    <wp:meta_value><![CDATA[theme]]></wp:meta_value>
  </wp:postmeta>
  <wp:postmeta>
    <wp:meta_key>_publicize_pending</wp:meta_key>
    <wp:meta_value><![CDATA[1]]></wp:meta_value>
  </wp:postmeta>
</item>
  </channel>
</rss>
